{
    "SYBASE": {
        "connection string": ["jdbc:jtds:sybase://{host}:{port}"],
        "driver name": ["net.sourceforge.jtds.jdbc.Driver"]
    },
    "MYSQL": {
        "connection string": ["jdbc:mysql://{host}:{port}/{database}"],
        "driver name": ["com.mysql.jdbc.Driver"]
    },
    "DB2": {
        "connection string": ["jdbc:db2://{host}:{port}/{database}"],
        "driver name": ["com.ibm.db2.jcc.DB2Driver"]
    },
    "MSSQL": {
        "connection string": [
            "jdbc:jtds:sqlserver://{host}:{port};Trusted_Connection=yes;databaseName={database};ssl=request",
            "jdbc:jtds:sqlserver://{host}:{port};databaseName={database};ssl=request"
        ],
        "driver name": ["net.sourceforge.jtds.jdbc.Driver"]
    },
    "ORACLE": {
        "connection string": [
            "jdbc:oracle:thin:@{host}:{port}:{database}",
            "jdbc:oracle:thin:@//{host}:{port}/{database}",
            "jdbc:oracle:thin:@(DESCRIPTION=(LOAD_BALANCE=on)(ADDRESS=(PROTOCOL=TCP)(HOST={host})(PORT={port}))(ADDRESS=(PROTOCOL=TCP)(HOST={host})(PORT={port}))(CONNECT_DATA=(SERVICE_NAME={database})))"
        ],
        "driver name": ["oracle.jdbc.driver.OracleDriver"]
    }
}